domain,sub,framing,intervention,condition,n,mean,std,bare_mean,shift,cohens_d,p_value,p_bonferroni,sig
creative,,casual,expert_persona,author_ai,20,3.975,0.5729655082849321,5.75,-1.775,-3.3787352966762514,8.148356803806779e-13,8.963192484187457e-12,***
creative,,casual,expert_persona,author_awarded,20,4.675,0.5199949392466289,5.75,-1.0750000000000002,-2.1628444554525936,4.24388296050535e-08,4.6682712565558847e-07,***
creative,,casual,expert_persona,author_elderly,20,6.725,0.4993416718672275,5.75,0.9749999999999996,2.004827275881792,1.9723014253586913e-07,2.1695315678945604e-06,***
creative,,casual,expert_persona,vibe_astrology,20,4.875,0.6042611843792123,5.75,-0.875,-1.6126247732246572,1.1134220858675607e-05,0.0001224764294454317,***
creative,,casual,expert_persona,effort_long,20,4.9,0.4472135954999579,5.75,-0.8499999999999996,-1.8467698844769957,9.538581061296589e-07,1.0492439167426248e-05,***
creative,,casual,expert_persona,vibe_weird_email,20,4.95,0.7052435189724409,5.75,-0.7999999999999998,-1.332359741868473,0.00018117203726151295,0.0019928924098766426,**
creative,,casual,expert_persona,vibe_old_crush,20,5.0,0.4866642633922876,5.75,-0.75,-1.5629642167551832,1.591310695095841e-05,0.0001750441764605425,***
creative,,casual,expert_persona,vibe_read_aloud_badly,20,5.125,0.6858532910485341,5.75,-0.625,-1.0609394031053854,0.0019737206808453133,0.021710927489298447,*
creative,,casual,expert_persona,vibe_former_roommate,20,5.5,0.5848976518656018,5.75,-0.25,-0.4700321611955287,0.14579054004896802,1.0,
creative,,casual,expert_persona,vibe_friend_ex,20,5.5,0.512989176042577,5.75,-0.25,-0.5067117097095317,0.11741081696685968,1.0,
creative,,casual,expert_persona,vibe_vegan,20,5.675,0.6129093691051247,5.75,-0.07500000000000018,-0.13700577279175405,0.6674392211865816,1.0,
creative,,casual,fairness,author_ai,20,5.0,0.45883146774112354,6.65,-1.6500000000000004,-3.7017089305647093,3.7902254399089244e-14,4.169247983899817e-13,***
creative,,casual,fairness,vibe_astrology,20,5.7,0.5477225575051661,6.65,-0.9500000000000002,-1.9255044968962212,5.256798254049154e-07,5.78247807945407e-06,***
creative,,casual,fairness,author_elderly,20,7.525,0.34316637057662985,6.65,0.875,2.242096750850147,2.4477778099806135e-08,2.692555590978675e-07,***
creative,,casual,fairness,author_awarded,20,5.825,0.46665100224336475,6.65,-0.8250000000000002,-1.834227424258628,1.090864682891992e-06,1.1999511511811912e-05,***
creative,,casual,fairness,effort_long,20,6.1,0.6198471798078857,6.65,-0.5500000000000007,-1.0292944207603079,0.002571663511031629,0.028288298621347917,*
creative,,casual,fairness,vibe_old_crush,20,6.1,0.5982430416161189,6.65,-0.5500000000000007,-1.0538633779212911,0.002058460755126587,0.022643068306392455,*
creative,,casual,fairness,vibe_weird_email,20,6.8,0.2513123449750173,6.65,0.14999999999999947,0.42426406871192696,0.1896078871027784,1.0,
creative,,casual,fairness,vibe_former_roommate,20,6.775,0.3431663705766298,6.65,0.125,0.3202995358357353,0.31785263996571295,1.0,
creative,,casual,fairness,vibe_vegan,20,6.75,0.3804429551263411,6.65,0.09999999999999964,0.2455961325376682,0.4422541644330568,1.0,
creative,,casual,fairness,vibe_read_aloud_badly,20,6.575,0.4063638504436246,6.65,-0.07500000000000018,-0.178780918507625,0.5751680591874024,1.0,
creative,,casual,fairness,vibe_friend_ex,20,6.625,0.35817519970568945,6.65,-0.025000000000000355,-0.06298092629712881,0.8432334878362108,1.0,
creative,,casual,rubric_focus,author_ai,20,4.85,0.4893604849295929,6.675,-1.8250000000000002,-3.5246894306906085,1.7904654065900137e-13,1.969511947249015e-12,***
creative,,casual,rubric_focus,author_awarded,20,5.4,0.4472135954999579,6.675,-1.2749999999999995,-2.558429775058772,1.1390010339943004e-09,1.2529011373937305e-08,***
creative,,casual,rubric_focus,vibe_read_aloud_badly,20,5.525,0.6381511122808321,6.675,-1.1499999999999995,-1.9383970639603458,4.15288020816003e-07,4.568168228976033e-06,***
creative,,casual,rubric_focus,vibe_old_crush,20,5.725,0.6171880204861231,6.675,-0.9500000000000002,-1.6320812848594122,8.328087821134763e-06,9.160896603248238e-05,***
creative,,casual,rubric_focus,vibe_astrology,20,5.75,0.47295265146345866,6.675,-0.9249999999999998,-1.8133861014607235,1.404057445631482e-06,1.5444631901946303e-05,***
creative,,casual,rubric_focus,vibe_friend_ex,20,6.075,0.4940434670840422,6.675,-0.5999999999999996,-1.1538573834377743,0.0007949600473456482,0.008744560520802129,**
creative,,casual,rubric_focus,effort_long,20,6.125,0.8090767968233267,6.675,-0.5499999999999998,-0.7974718004266953,0.016635778469962573,0.1829935631695883,
creative,,casual,rubric_focus,author_elderly,20,7.2,0.34027852368936023,6.675,0.5250000000000004,1.1560119533826796,0.0009153202458071846,0.01006852270387903,*
creative,,casual,rubric_focus,vibe_weird_email,20,6.4,0.4757265910937544,6.675,-0.27499999999999947,-0.5377568130085436,0.09734944397650254,1.0,
creative,,casual,rubric_focus,vibe_vegan,20,6.525,0.5729655082849321,6.675,-0.14999999999999947,-0.2683281572999738,0.40147106713950526,1.0,
creative,,casual,rubric_focus,vibe_former_roommate,20,6.675,0.4063638504436246,6.675,0.0,0.0,1.0,1.0,
creative,,casual,structured_output,author_ai,20,4.1,0.4472135954999579,6.55,-2.45,-4.83677154456968,2.188986477415713e-17,2.4078851251572844e-16,***
creative,,casual,structured_output,vibe_astrology,20,5.125,0.7232055833505945,6.55,-1.4249999999999998,-2.203834009864848,3.7408140767287235e-08,4.114895484401596e-07,***
creative,,casual,structured_output,author_awarded,20,5.375,0.5820788515945965,6.55,-1.1749999999999998,-2.0579642738816326,1.1558994783442682e-07,1.271489426178695e-06,***
creative,,casual,structured_output,vibe_vegan,20,5.475,0.697269109115208,6.55,-1.0750000000000002,-1.7004235734716533,4.616751079539843e-06,5.078426187493828e-05,***
creative,,casual,structured_output,author_elderly,20,7.575,0.4063638504436246,6.55,1.0250000000000004,2.096010489594383,1.2118386018235624e-07,1.3330224620059188e-06,***
creative,,casual,structured_output,vibe_weird_email,20,5.525,0.7340407273943892,6.55,-1.0249999999999995,-1.5704559994893341,1.7186884153896816e-05,0.00018905572569286497,***
creative,,casual,structured_output,vibe_old_crush,20,5.675,0.6129093691051247,6.55,-0.875,-1.4909789224153758,3.272780492733673e-05,0.00036000585420070403,***
creative,,casual,structured_output,vibe_read_aloud_badly,20,5.9,0.47572659109375437,6.55,-0.6499999999999995,-1.2515356420872046,0.0003297458114948132,0.0036272039264429448,**
creative,,casual,structured_output,vibe_friend_ex,20,5.975,0.5729655082849321,6.55,-0.5750000000000002,-1.0153185681705006,0.0026945587739854913,0.029640146513840403,*
creative,,casual,structured_output,vibe_former_roommate,20,6.0,0.5848976518656018,6.55,-0.5499999999999998,-0.9608814561072361,0.00428875970398795,0.04717635674386745,*
creative,,casual,structured_output,effort_long,20,6.1625,0.8202815626998226,6.55,-0.3875000000000002,-0.5518790405479843,0.09010894925077184,0.9911984417584903,
creative,,editorial,expert_persona,author_ai,20,2.75,0.4442616583193193,5.175,-2.425,-3.810829410522167,4.800025583831007e-13,7.200038375746511e-12,***
creative,,editorial,expert_persona,vibe_no_eye_contact,20,3.95,0.6048053188292994,5.175,-1.2249999999999996,-1.7515292578456803,2.9411616907519425e-06,4.4117425361279136e-05,***
creative,,editorial,expert_persona,vibe_astrology,20,4.1,0.6407232755171874,5.175,-1.0750000000000002,-1.5030729509308378,3.087093948783951e-05,0.0004630640923175926,***
creative,,editorial,expert_persona,vibe_old_crush,20,4.1,0.4472135954999579,5.175,-1.0750000000000002,-1.6865987621883831,8.897159065582418e-06,0.00013345738598373629,***
creative,,editorial,expert_persona,author_human,20,4.15,0.4893604849295929,5.175,-1.0249999999999995,-1.5704559994893341,2.2107269720452404e-05,0.00033160904580678606,***
creative,,editorial,expert_persona,effort_long,20,4.4,0.5982430416161189,5.175,-0.7749999999999995,-1.1126087834835494,0.001208607596030827,0.018129113940462405,*
creative,,editorial,expert_persona,author_awarded,20,4.5,0.512989176042577,5.175,-0.6749999999999998,-1.0201206451830955,0.002845171151640096,0.04267756727460144,*
creative,,editorial,expert_persona,vibe_friend_ex,20,4.55,0.5104177855340405,5.175,-0.625,-0.9459786780800425,0.005247672390395373,0.0787150858559306,
creative,,editorial,expert_persona,vibe_nervous,20,4.575,0.5447114156283027,5.175,-0.5999999999999996,-0.8898852752932765,0.008084502717249292,0.12126754075873937,
creative,,editorial,expert_persona,vibe_weird_email,20,4.675,0.6129093691051247,5.175,-0.5,-0.7113311540010485,0.030706925648083187,0.4606038847212478,
creative,,editorial,expert_persona,translation,20,4.7,0.6569466853317862,5.175,-0.47499999999999964,-0.657418525623052,0.044631479997228635,0.6694721999584295,
creative,,editorial,expert_persona,vibe_former_roommate,19,4.7368421052631575,0.7334928056269078,5.175,-0.4381578947368423,-0.5771922375965907,0.07925683028963612,1.0,
creative,,editorial,expert_persona,effort_quick,20,4.825,0.8472090402579148,5.175,-0.34999999999999964,-0.42915508276646613,0.1828035286858992,1.0,
creative,,editorial,expert_persona,neutral,20,5.3,0.7677718959499145,5.175,0.125,0.16124176043832483,0.6130776503098426,1.0,
creative,,editorial,expert_persona,control_irrelevant,20,5.175,0.7826237921249264,5.175,0.0,0.0,1.0,1.0,
creative,,editorial,fairness,author_ai,20,3.075,0.4063638504436245,6.025,-2.95,-4.079061428608888,8.91085988893765e-13,1.3366289833406474e-11,***
creative,,editorial,fairness,vibe_astrology,20,4.35,0.4893604849295929,6.025,-1.6750000000000007,-2.2379185657107348,9.409613081800139e-08,1.4114419622700209e-06,***
creative,,editorial,fairness,vibe_old_crush,20,4.475,0.549521322798785,6.025,-1.5500000000000007,-2.0154575077429056,4.477128001783518e-07,6.715692002675277e-06,***
creative,,editorial,fairness,author_human,20,4.55,0.5104177855340405,6.025,-1.4750000000000005,-1.9524461860727655,9.422777049469736e-07,1.4134165574204604e-05,***
creative,,editorial,fairness,effort_long,20,4.925,0.6934847169416057,6.025,-1.1000000000000005,-1.333043446748033,0.000166777984632569,0.002501669769488535,**
creative,,editorial,fairness,author_awarded,20,5.325,0.5683540408842658,6.025,-0.7000000000000002,-0.902213428761871,0.007612688685062086,0.1141903302759313,
creative,,editorial,fairness,vibe_friend_ex,20,5.4,0.6198471798078857,6.025,-0.625,-0.7858273989802337,0.018212076652752977,0.27318114979129465,
creative,,editorial,fairness,translation,20,5.6,0.699623959145573,6.025,-0.4250000000000007,-0.5134298176269289,0.11339944205938479,1.0,
creative,,editorial,fairness,vibe_no_eye_contact,20,5.8,0.5712405705774793,6.025,-0.22500000000000053,-0.28960181251032374,0.3667560941078167,1.0,
creative,,editorial,fairness,control_irrelevant,20,5.85,0.5404676337745811,6.025,-0.1750000000000007,-0.22850682125132538,0.4754557908560787,1.0,
creative,,editorial,fairness,vibe_weird_email,20,6.175,0.6129093691051247,6.025,0.14999999999999947,0.1892393149549191,0.5536763746014158,1.0,
creative,,editorial,fairness,effort_quick,20,5.9,0.736277979541623,6.025,-0.125,-0.14818987956956559,0.6421713649376145,1.0,
creative,,editorial,fairness,neutral,20,5.9,0.7539370349250519,6.025,-0.125,-0.14683837044812295,0.6451736117587815,1.0,
creative,,editorial,fairness,vibe_nervous,20,5.9,0.7539370349250518,6.025,-0.125,-0.14683837044812295,0.6451736117587815,1.0,
creative,,editorial,fairness,vibe_former_roommate,15,6.05,0.42468475703413566,6.025,0.024999999999999467,0.0327220612136726,0.9166706063892694,1.0,
creative,,editorial,rubric_focus,author_ai,20,3.3,0.47016234598162726,5.975,-2.675,-4.416956726803806,2.297179151422882e-15,3.445768727134323e-14,***
creative,,editorial,rubric_focus,vibe_no_eye_contact,20,4.4,0.6805570473787205,5.975,-1.5749999999999993,-2.2550011848993563,1.6600160600790664e-08,2.4900240901185997e-07,***
creative,,editorial,rubric_focus,vibe_old_crush,20,4.4,0.6805570473787205,5.975,-1.5749999999999993,-2.2550011848993563,1.6600160600790664e-08,2.4900240901185997e-07,***
creative,,editorial,rubric_focus,effort_long,20,4.55,0.5104177855340405,5.975,-1.4249999999999998,-2.2920955755944328,2.044191369152253e-08,3.0662870537283796e-07,***
creative,,editorial,rubric_focus,author_awarded,20,4.65,0.4893604849295929,5.975,-1.3249999999999993,-2.160874551575482,7.770105214082657e-08,1.1655157821123985e-06,***
creative,,editorial,rubric_focus,author_human,20,4.65,0.5871429486123998,5.975,-1.3249999999999993,-2.0238599777446304,1.895511952913971e-07,2.8432679293709564e-06,***
creative,,editorial,rubric_focus,vibe_astrology,20,4.7,0.8013147091860318,5.975,-1.2749999999999995,-1.678063597095603,5.250815074817084e-06,7.876222612225626e-05,***
creative,,editorial,rubric_focus,translation,20,4.8,0.750438468321582,5.975,-1.1749999999999998,-1.602196504534862,1.0837340399124034e-05,0.0001625601059868605,***
creative,,editorial,rubric_focus,vibe_friend_ex,20,4.9,0.7181848464596079,5.975,-1.0749999999999993,-1.4992213803440997,2.9719946801263653e-05,0.0004457992020189548,***
creative,,editorial,rubric_focus,vibe_former_roommate,18,5.166666666666667,0.747545001596402,5.975,-0.8083333333333327,-1.105776668358443,0.0017114424238268864,0.025671636357403296,*
creative,,editorial,rubric_focus,control_irrelevant,20,5.175,0.8925864251240826,5.975,-0.7999999999999998,-0.9887812913941358,0.00347239382551816,0.052085907382772405,
creative,,editorial,rubric_focus,vibe_weird_email,20,5.175,0.6340139463848774,5.975,-0.7999999999999998,-1.183094345441574,0.0006121042772985441,0.009181564159478161,**
creative,,editorial,rubric_focus,vibe_nervous,20,5.225,1.0192231303663022,5.975,-0.75,-0.8515813758500456,0.010905761406149144,0.16358642109223714,
creative,,editorial,rubric_focus,neutral,20,5.55,0.7930620205387802,5.975,-0.4249999999999998,-0.5625692400548643,0.08332358225608492,1.0,
creative,,editorial,rubric_focus,effort_quick,20,5.825,0.8925864251240826,5.975,-0.14999999999999947,-0.18539649213639986,0.561319816880429,1.0,
creative,,editorial,structured_output,author_ai,20,3.325,0.6544382886752658,5.95,-2.625,-4.034380222069281,2.6191780402632406e-15,3.928767060394861e-14,***
creative,,editorial,structured_output,effort_long,20,4.05,0.5355764233637977,5.95,-1.9000000000000004,-3.1995801963438617,3.626031253677733e-12,5.439046880516599e-11,***
creative,,editorial,structured_output,vibe_old_crush,20,4.2,0.41039134083406165,5.95,-1.75,-3.230668619797101,1.2647480227871501e-11,1.897122034180725e-10,***
creative,,editorial,structured_output,vibe_no_eye_contact,20,4.275,0.4435206041615084,5.95,-1.6749999999999998,-3.020270200753816,4.169565653448612e-11,6.254348480172918e-10,***
creative,,editorial,structured_output,translation,20,4.4,0.6805570473787205,5.95,-1.5499999999999998,-2.334619403927336,7.625576431926404e-09,1.1438364647889607e-07,***
creative,,editorial,structured_output,vibe_astrology,20,4.475,0.5954874164563805,5.95,-1.4750000000000005,-2.3725199817556417,5.415910412404555e-09,8.123865618606832e-08,***
creative,,editorial,structured_output,author_awarded,20,4.5,0.5848976518656018,5.95,-1.4500000000000002,-2.3513965518271562,6.778071173671366e-09,1.016710676050705e-07,***
creative,,editorial,structured_output,vibe_friend_ex,20,4.875,0.5590169943749475,5.95,-1.0750000000000002,-1.7782312028026792,1.9962592087881045e-06,2.994388813182157e-05,***
creative,,editorial,structured_output,vibe_weird_email,20,4.975,0.7340407273943892,5.95,-0.9750000000000005,-1.4093209595441032,7.314350531172153e-05,0.0010971525796758229,**
creative,,editorial,structured_output,author_human,20,4.9875,0.7454908308942293,5.95,-0.9625000000000004,-1.379102860674571,9.833233741562485e-05,0.0014749850612343729,**
creative,,editorial,structured_output,vibe_former_roommate,20,5.175,0.37257991018529735,5.95,-0.7750000000000004,-1.4682391127094152,6.220048019121362e-05,0.0009330072028682044,***
creative,,editorial,structured_output,effort_quick,20,5.375,0.8409737463828839,5.95,-0.5750000000000002,-0.7664425933996667,0.02056833639418428,0.3085250459127642,
creative,,editorial,structured_output,neutral,20,5.4375,0.6583222295310533,5.95,-0.5125000000000002,-0.785303804928968,0.017545159165467835,0.2631773874820175,
creative,,editorial,structured_output,control_irrelevant,20,5.65,0.8287593771796239,5.95,-0.2999999999999998,-0.40355562548072926,0.21009916283193708,1.0,
creative,,editorial,structured_output,vibe_nervous,20,5.9125,0.9222220020432345,5.95,-0.03750000000000053,-0.04707931009218098,0.8825282274183786,1.0,
essay_grading,essay_a,friend,expert_persona,stakes_competitive,20,4.625,0.3931987578285246,5.725,-1.0999999999999996,-2.238625502778294,3.7598188089493925e-08,1.503927523579757e-07,***
essay_grading,essay_a,friend,expert_persona,stakes_college_app,20,4.725,0.3795773272581241,5.725,-1.0,-2.0576645224399623,2.1921736004938094e-07,8.768694401975238e-07,***
essay_grading,essay_a,friend,expert_persona,esl_learning,20,6.325,0.3354101966249685,5.725,0.6000000000000005,1.2780582286503608,0.0003304886580220259,0.0013219546320881036,**
essay_grading,essay_a,friend,expert_persona,esl_recent,20,6.3,0.2513123449750173,5.725,0.5750000000000002,1.299709081863704,0.0003496410793284139,0.0013985643173136555,**
essay_grading,essay_a,friend,fairness,stakes_college_app,20,4.675,0.33541019662496846,5.625,-0.9500000000000002,-2.7379143272549604,1.6548821110522655e-10,6.619528444209062e-10,***
essay_grading,essay_a,friend,fairness,stakes_competitive,20,4.775,0.3795773272581241,5.625,-0.8499999999999996,-2.3033267266416706,1.0393841097283323e-08,4.157536438913329e-08,***
essay_grading,essay_a,friend,fairness,esl_learning,20,6.45,0.4839530207734936,5.625,0.8250000000000002,1.9378267243985219,5.233375489821239e-07,2.0933501959284955e-06,***
essay_grading,essay_a,friend,fairness,esl_recent,20,6.375,0.5590169943749475,5.625,0.75,1.5975727858129498,1.6627731948159735e-05,6.651092779263894e-05,***
essay_grading,essay_a,friend,rubric_focus,stakes_competitive,20,4.375,0.455232734000163,5.475,-1.0999999999999996,-2.624574158431918,5.917116176756274e-10,2.3668464707025098e-09,***
essay_grading,essay_a,friend,rubric_focus,stakes_college_app,20,4.7,0.2991215208080594,5.475,-0.7749999999999995,-2.2679021763934473,1.9473530978121806e-08,7.789412391248723e-08,***
essay_grading,essay_a,friend,rubric_focus,esl_recent,20,6.075,0.24468024246479644,5.475,0.6000000000000005,1.8789152670211526,1.2175080782822389e-06,4.8700323131289554e-06,***
essay_grading,essay_a,friend,rubric_focus,esl_learning,20,5.825,0.3354101966249685,5.475,0.35000000000000053,0.9771754166329594,0.003763971425811414,0.015055885703245656,*
essay_grading,essay_a,friend,structured_output,esl_recent,20,6.3875,0.7139355344626159,5.1,1.2875000000000005,2.2462372932243477,7.923850604487757e-08,3.169540241795103e-07,***
essay_grading,essay_a,friend,structured_output,esl_learning,20,6.225,0.3024026594146497,5.1,1.125,3.2556371962672697,2.816474175717022e-12,1.1265896702868087e-11,***
essay_grading,essay_a,friend,structured_output,stakes_competitive,20,4.25,0.4442616583193193,5.1,-0.8499999999999996,-2.0473404830255055,1.3990423773165085e-07,5.596169509266034e-07,***
essay_grading,essay_a,friend,structured_output,stakes_college_app,20,4.5,0.39735970711951313,5.1,-0.5999999999999996,-1.535780156681017,2.0811862469943128e-05,8.324744987977251e-05,***
essay_grading,essay_a,student,expert_persona,social_boss,20,5.15,0.28562028528873973,5.775,-0.625,-1.8606716866133133,1.0657235344688152e-06,2.1314470689376304e-06,***
essay_grading,essay_a,student,expert_persona,credibility_published,20,5.45,0.45595475306449573,5.775,-0.3250000000000002,-0.7747173135330404,0.019172667651785515,0.03834533530357103,*
essay_grading,essay_a,student,fairness,social_boss,20,5.1,0.4472135954999579,5.85,-0.75,-1.7664761408534166,2.1822454353397888e-06,4.3644908706795775e-06,***
essay_grading,essay_a,student,fairness,credibility_published,20,5.35,0.3284733426658931,5.85,-0.5,-1.3648242004152829,0.00011579934341041636,0.00023159868682083272,***
essay_grading,essay_a,student,rubric_focus,social_boss,20,4.85,0.3284733426658931,5.4,-0.5500000000000007,-1.539513914449464,2.1035007267135496e-05,4.207001453427099e-05,***
essay_grading,essay_a,student,rubric_focus,credibility_published,20,5.225,0.4127889737409482,5.4,-0.1750000000000007,-0.439037154678744,0.17315609229608997,0.34631218459217994,
essay_grading,essay_a,student,structured_output,social_boss,20,5.025,0.19701723141310307,5.5,-0.47499999999999964,-1.3452741478901344,0.00024397831074766743,0.00048795662149533485,***
essay_grading,essay_a,student,structured_output,credibility_published,20,5.3,0.47016234598162726,5.5,-0.20000000000000018,-0.43054134953397555,0.18138174702307536,0.3627634940461507,
essay_grading,essay_b,friend,expert_persona,stakes_competitive,20,6.95,0.22360679774997896,7.825,-0.875,-3.7332460069627067,3.1412717822286266e-14,2.1988902475600386e-13,***
essay_grading,essay_b,friend,expert_persona,esl_learning,20,8.65,0.3284733426658932,7.825,0.8250000000000002,2.848529032160078,1.174767289433765e-10,8.223371026036355e-10,***
essay_grading,essay_b,friend,expert_persona,esl_recent,20,8.425,0.2935714743061999,7.825,0.6000000000000005,2.2202994684793627,2.7328146971724242e-08,1.912970288020697e-07,***
essay_grading,essay_b,friend,expert_persona,credibility_published,20,7.45,0.42612081311339517,7.825,-0.375,-1.079282231967052,0.0018430996653423317,0.012901697657396322,*
essay_grading,essay_b,friend,expert_persona,effort_deadline,20,7.4625,0.43130005430338786,7.825,-0.3624999999999998,-1.0338420727742346,0.0027014989888938952,0.018910492922257268,*
essay_grading,essay_b,friend,expert_persona,effort_disability,20,8.175,0.24468024246479647,7.825,0.35000000000000053,1.4304383405634273,5.810274038973925e-05,0.00040671918272817476,***
essay_grading,essay_b,friend,expert_persona,identity_minority_class,20,8.1,0.26157418189029846,7.825,0.27499999999999947,1.085805856944212,0.0014578372952362823,0.010204861066653977,*
essay_grading,essay_b,friend,fairness,esl_learning,20,8.75,0.30348848933344197,7.8,0.9500000000000002,3.4096075622883,6.225305334312194e-13,4.357713734018536e-12,***
essay_grading,essay_b,friend,fairness,stakes_competitive,20,7.075,0.1831737742662616,7.8,-0.7249999999999996,-3.2969786209817733,3.0699100956571166e-12,2.1489370669599817e-11,***
essay_grading,essay_b,friend,fairness,esl_recent,20,8.475,0.3795773272581241,7.8,0.6749999999999998,2.0969365410385827,1.530636060298385e-07,1.0714452422088695e-06,***
essay_grading,essay_b,friend,fairness,effort_disability,20,8.25,0.34412360080584264,7.8,0.4500000000000002,1.493464021196593,3.743592055375147e-05,0.0002620514438762603,***
essay_grading,essay_b,friend,fairness,identity_minority_class,20,8.225,0.25520889276702025,7.8,0.4249999999999998,1.6780635970956028,5.0818294460929395e-06,3.5572806122650576e-05,***
essay_grading,essay_b,friend,fairness,credibility_published,20,7.425,0.24468024246479644,7.8,-0.375,-1.5119842117841351,2.6262864229386846e-05,0.00018384004960570792,***
essay_grading,essay_b,friend,fairness,effort_deadline,20,7.575,0.6288042118514358,7.8,-0.22499999999999964,-0.4698972689094396,0.14983668806718758,1.0,
essay_grading,essay_b,friend,rubric_focus,esl_learning,20,8.425,0.33541019662496846,7.65,0.7750000000000004,2.6758909089988614,6.926117454513544e-10,4.84828221815948e-09,***
essay_grading,essay_b,friend,rubric_focus,esl_recent,20,8.425,0.1831737742662616,7.65,0.7750000000000004,3.6776602868107866,1.0036453393676777e-13,7.025517375573744e-13,***
essay_grading,essay_b,friend,rubric_focus,effort_disability,20,8.325,0.2935714743061999,7.65,0.6749999999999989,2.5381736704558513,1.473072019018349e-09,1.0311504133128444e-08,***
essay_grading,essay_b,friend,rubric_focus,stakes_competitive,20,7.025,0.11180339887498948,7.65,-0.625,-3.395456701769621,2.7940220260550662e-11,1.9558154182385464e-10,***
essay_grading,essay_b,friend,rubric_focus,identity_minority_class,20,8.125,0.22213082915965965,7.65,0.47499999999999964,2.0769777268876557,9.642845097734748e-08,6.749991568414324e-07,***
essay_grading,essay_b,friend,rubric_focus,credibility_published,20,7.55,0.3203616377585937,7.65,-0.10000000000000053,-0.35590260840104565,0.2680816525325852,1.0,
essay_grading,essay_b,friend,rubric_focus,effort_deadline,20,7.5625,0.5553270728991491,7.65,-0.08750000000000036,-0.2052014707554048,0.5221802374276016,1.0,
essay_grading,essay_b,friend,structured_output,esl_learning,20,8.45,0.3203616377585937,7.65,0.7999999999999989,2.847220867208346,1.2710959003569558e-10,8.897671302498691e-10,***
essay_grading,essay_b,friend,structured_output,stakes_competitive,20,6.925,0.24468024246479644,7.65,-0.7250000000000005,-3.0217308190600227,1.2088899019491989e-11,8.462229313644392e-11,***
essay_grading,essay_b,friend,structured_output,esl_recent,20,8.25,0.30348848933344197,7.65,0.5999999999999996,2.2103651928390207,3.506647906698557e-08,2.45465353468899e-07,***
essay_grading,essay_b,friend,structured_output,effort_disability,20,8.125,0.2750598021100904,7.65,0.47499999999999964,1.8565380869623183,9.303710440994701e-07,6.51259730869629e-06,***
essay_grading,essay_b,friend,structured_output,identity_minority_class,20,8.0,0.22941573387056177,7.65,0.34999999999999964,1.5068947233689116,2.75996363907648e-05,0.0001931974547353536,***
essay_grading,essay_b,friend,structured_output,effort_deadline,20,7.4,0.3479261869692297,7.65,-0.25,-0.8419947885115423,0.011842802708032733,0.08289961895622913,
essay_grading,essay_b,friend,structured_output,credibility_published,20,7.5125,0.4012726465161876,7.65,-0.13750000000000018,-0.41812545645823035,0.19586935937002928,1.0,
essay_grading,essay_b,student,expert_persona,stakes_competitive,20,6.95,0.27625312572654126,8.0,-1.0499999999999998,-5.375230548383562,5.986623069698258e-13,2.993311534849129e-12,***
essay_grading,essay_b,student,expert_persona,esl_learning,20,8.95,0.27625312572654126,8.0,0.9499999999999993,4.863303829489887,3.545276313228476e-12,1.7726381566142378e-11,***
essay_grading,essay_b,student,expert_persona,age_young,20,8.85,0.2350811729908136,8.0,0.8499999999999996,5.113474263905024,1.4579390112701529e-12,7.289695056350765e-12,***
essay_grading,essay_b,student,expert_persona,neutral,20,7.7,0.2991215208080594,8.0,-0.2999999999999998,-1.4183669151113016,0.0002535198908091721,0.0012675994540458605,**
essay_grading,essay_b,student,expert_persona,effort_deadline,20,7.9125,0.2470217335420211,8.0,-0.08750000000000036,-0.5009425079052656,0.1296699907647851,0.6483499538239256,
essay_grading,essay_b,student,fairness,esl_learning,20,8.975,0.17954621161490195,8.05,0.9249999999999989,5.53183301181337,1.6148494975672164e-19,8.074247487836082e-19,***
essay_grading,essay_b,student,fairness,age_young,20,8.9,0.2051956704170308,8.05,0.8499999999999996,4.686576575710674,1.036536557143683e-16,5.182682785718415e-16,***
essay_grading,essay_b,student,fairness,stakes_competitive,20,7.25,0.34412360080584264,8.05,-0.8000000000000007,-3.0012343139794035,5.549497419930014e-10,2.774748709965007e-09,***
essay_grading,essay_b,student,fairness,neutral,20,7.8875,0.3085940102430615,8.05,-0.16250000000000053,-0.6664245756843566,0.04419757587245748,0.2209878793622874,
essay_grading,essay_b,student,fairness,effort_deadline,20,7.95,0.1538967528127731,8.05,-0.10000000000000053,-0.6497862896539345,0.04682035076642934,0.2341017538321467,
essay_grading,essay_b,student,rubric_focus,esl_learning,20,8.95,0.1538967528127731,8.05,0.8999999999999986,5.848076606885369,1.3516727766414679e-20,6.758363883207339e-20,***
essay_grading,essay_b,student,rubric_focus,age_young,20,8.725,0.3431663705766298,8.05,0.6749999999999989,2.5381736704558517,1.5103108823027806e-08,7.551554411513903e-08,***
essay_grading,essay_b,student,rubric_focus,stakes_competitive,20,7.3875,0.40127264651618766,8.05,-0.6625000000000005,-2.180031615609711,3.5562666925654394e-07,1.7781333462827197e-06,***
essay_grading,essay_b,student,rubric_focus,neutral,20,7.775,0.4360407996361904,8.05,-0.27500000000000036,-0.8410616002318841,0.013808505579552445,0.06904252789776222,
essay_grading,essay_b,student,rubric_focus,effort_deadline,20,8.075,0.1831737742662616,8.05,0.02499999999999858,0.14778051447930354,0.6430165923073906,1.0,
essay_grading,essay_b,student,structured_output,age_young,20,9.05,0.5039319085164709,7.9,1.1500000000000004,2.989016932408083,9.385857746085573e-10,4.692928873042787e-09,***
essay_grading,essay_b,student,structured_output,stakes_competitive,20,7.075,0.24468024246479644,7.9,-0.8250000000000002,-3.6536327481103688,8.130285278969901e-14,4.0651426394849507e-13,***
essay_grading,essay_b,student,structured_output,esl_learning,20,8.7,0.3681389897708115,7.9,0.7999999999999989,2.684385576985152,1.911725623236583e-09,9.558628116182916e-09,***
essay_grading,essay_b,student,structured_output,neutral,20,7.7,0.2991215208080594,7.9,-0.20000000000000018,-0.7797435475847179,0.018933735750452402,0.09466867875226201,
essay_grading,essay_b,student,structured_output,effort_deadline,20,7.8875,0.37587616941865587,7.9,-0.012500000000000178,-0.041279969409381966,0.8970293081541975,1.0,
hiring,,casual_manager,expert_persona,prestige_brand,20,3.025,1.650159481925754,7.0125,-3.9875000000000003,-3.394972174491829,1.2473375749069802e-09,1.3720713323976783e-08,***
hiring,,casual_manager,expert_persona,prestige_degree,20,6.1,0.5758289219624358,7.0125,-0.9125000000000005,-2.1284374750062995,7.129868199573175e-07,7.842855019530492e-06,***
hiring,,casual_manager,expert_persona,process_picky,20,6.4,0.2051956704170308,7.0125,-0.6124999999999998,-3.0990321069650117,6.3664153598013495e-12,7.003056895781485e-11,***
hiring,,casual_manager,expert_persona,caregiving_gap,20,7.5375,0.3064546845525624,7.0125,0.5249999999999995,2.0597406743494706,2.5849592006112276e-07,2.8434551206723504e-06,***
hiring,,casual_manager,expert_persona,vibe_cluttered_background,20,7.425,0.28214404682341737,7.0125,0.41249999999999964,1.7155883082031185,5.132391092272374e-06,5.645630201499612e-05,***
hiring,,casual_manager,expert_persona,vibe_astrology,20,7.3,0.2513123449750173,7.0125,0.28749999999999964,1.2910586757176967,0.00024237338063653118,0.002666107187001843,**
hiring,,casual_manager,expert_persona,political_right,18,7.277777777777778,0.2556549962824568,7.0125,0.2652777777777775,1.1878486164989321,0.0010905687971352756,0.011996256768488032,*
hiring,,casual_manager,expert_persona,gender_she_caregiver,20,7.2625,0.2747606613993925,7.0125,0.25,1.058746406276007,0.002009641933453261,0.02210606126798587,*
hiring,,casual_manager,expert_persona,parental_maternity,17,7.205882352941177,0.2536498280979462,7.0125,0.19338235294117645,0.8739215928655633,0.014894041796827705,0.16383445976510475,
hiring,,casual_manager,expert_persona,vibe_band_shirt,20,7.1625,0.3064546845525624,7.0125,0.14999999999999947,0.5884973355284187,0.07204061382842923,0.7924467521127215,
hiring,,casual_manager,expert_persona,political_left,19,7.052631578947368,0.1576508838211529,7.0125,0.04013157894736796,0.22946323911351568,0.47629049959251124,1.0,
hiring,,casual_manager,fairness,prestige_brand,20,4.8,1.9153122598238597,7.05,-2.25,-1.656000557810808,4.5117264108292496e-05,0.0004962899051912175,***
hiring,,casual_manager,fairness,vibe_cluttered_background,20,7.6625,0.28417702044213294,7.05,0.6124999999999998,2.6803161172124774,2.2676654559338828e-09,2.494432001527271e-08,***
hiring,,casual_manager,fairness,caregiving_gap,19,7.644736842105263,0.2253976343426245,7.05,0.594736842105263,3.0970136714527596,7.367068908031935e-11,8.103775798835128e-10,***
hiring,,casual_manager,fairness,prestige_degree,20,6.5875,0.14678573715309995,7.05,-0.46249999999999947,-3.0754748339964406,7.532644255049114e-12,8.285908680554025e-11,***
hiring,,casual_manager,fairness,vibe_band_shirt,20,7.4125,0.21877349497885512,7.05,0.3624999999999998,1.9165942015286728,7.096703442798015e-07,7.806373787077817e-06,***
hiring,,casual_manager,fairness,gender_she_caregiver,20,7.4,0.2615741818902985,7.05,0.35000000000000053,1.6309506430300111,1.397613368176891e-05,0.000153737470499458,***
hiring,,casual_manager,fairness,vibe_astrology,20,7.4,0.2051956704170308,7.05,0.35000000000000053,1.929766825292634,5.512619272213148e-07,6.0638811994344624e-06,***
hiring,,casual_manager,fairness,process_picky,20,6.8,0.19194297398747862,7.05,-0.25,-1.4370864244381227,5.905416400924383e-05,0.0006495958041016821,***
hiring,,casual_manager,fairness,political_right,16,7.296875,0.27716947282604315,7.05,0.24687500000000018,1.1372049099935804,0.004181564246685171,0.04599720671353688,*
hiring,,casual_manager,fairness,parental_maternity,17,7.294117647058823,0.2536498280979462,7.05,0.24411764705882355,1.1873770855762946,0.0018999128338684078,0.020899041172552486,*
hiring,,casual_manager,fairness,political_left,20,7.275,0.25520889276702025,7.05,0.22500000000000053,1.0677078252031336,0.0019814935566736273,0.0217964291234099,*
hiring,,casual_manager,rubric_focus,prestige_brand,20,6.3625,1.0146136158526968,7.2125,-0.8500000000000005,-1.1442593059116568,0.0015457271619738076,0.017002998781711885,*
hiring,,casual_manager,rubric_focus,vibe_cluttered_background,12,7.729166666666667,0.39106982248775735,7.2125,0.5166666666666666,1.6094398081186116,0.0008310599415639561,0.009141659357203517,**
hiring,,casual_manager,rubric_focus,caregiving_gap,15,7.716666666666667,0.22886885410853172,7.2125,0.5041666666666664,1.978561569007378,1.212627107993803e-06,1.3338898187931833e-05,***
hiring,,casual_manager,rubric_focus,parental_maternity,17,7.602941176470588,0.15458673560021058,7.2125,0.3904411764705875,1.7256535201761265,5.828096592035571e-06,6.410906251239128e-05,***
hiring,,casual_manager,rubric_focus,vibe_band_shirt,19,7.578947368421052,0.23647632573172933,7.2125,0.36644736842105186,1.4340627116912386,6.760572802547277e-05,0.0007436630082802004,***
hiring,,casual_manager,rubric_focus,vibe_astrology,13,7.576923076923077,0.1576062929890288,7.2125,0.3644230769230763,1.552789106285442,3.264016101393195e-05,0.00035904177115325144,***
hiring,,casual_manager,rubric_focus,political_right,18,7.555555555555555,0.21955093800547737,7.2125,0.343055555555555,1.3787269449689061,0.0001294349462372653,0.0014237844086099182,**
hiring,,casual_manager,rubric_focus,gender_she_caregiver,17,7.544117647058823,0.1321485349677311,7.2125,0.331617647058823,1.5096777256202474,4.407479121699665e-05,0.00048482270338696314,***
hiring,,casual_manager,rubric_focus,prestige_degree,20,6.8875,0.18978866362906205,7.2125,-0.3250000000000002,-1.3845630810378906,0.00010849654224355563,0.0011934619646791118,**
hiring,,casual_manager,rubric_focus,political_left,18,7.402777777777778,0.2291109557951332,7.2125,0.19027777777777732,0.7525087522651339,0.02510207180806637,0.27612278988873007,
hiring,,casual_manager,rubric_focus,process_picky,20,7.05,0.15389675281277312,7.2125,-0.16250000000000053,-0.734618176705574,0.027140100540836497,0.29854110594920147,
hiring,,casual_manager,structured_output,prestige_brand,20,3.725,2.074119978258376,7.175,-3.4499999999999997,-2.329125927511627,4.392805388675091e-07,4.8320859275426e-06,***
hiring,,casual_manager,structured_output,process_picky,20,6.15,0.5155477414209187,7.175,-1.0249999999999995,-2.4433392196042014,1.235859673451043e-08,1.3594456407961474e-07,***
hiring,,casual_manager,structured_output,prestige_degree,20,6.375,0.31933318682925255,7.175,-0.7999999999999998,-2.6082172460892137,5.699170643424498e-10,6.269087707766948e-09,***
hiring,,casual_manager,structured_output,caregiving_gap,19,7.578947368421052,0.30107021581983356,7.175,0.4039473684210524,1.3589796105037173,0.00014459658115736676,0.0015905623927310343,**
hiring,,casual_manager,structured_output,gender_she_caregiver,20,7.45,0.15389675281277312,7.175,0.27500000000000036,1.1733058879025664,0.0008830233248722903,0.009713256573595194,**
hiring,,casual_manager,structured_output,vibe_astrology,20,7.425,0.24468024246479644,7.175,0.25,0.9251247785330668,0.005859456961821819,0.06445402658004001,
hiring,,casual_manager,structured_output,vibe_cluttered_background,20,7.425,0.1831737742662616,7.175,0.25,1.0217416718310182,0.0028639795553267655,0.03150377510859442,*
hiring,,casual_manager,structured_output,parental_maternity,20,7.375,0.22213082915965965,7.175,0.20000000000000018,0.7683041468949152,0.02032614217416879,0.22358756391585669,
hiring,,casual_manager,structured_output,political_left,20,7.3,0.2513123449750173,7.175,0.125,0.4574397242496392,0.15641516638101738,1.0,
hiring,,casual_manager,structured_output,political_right,20,7.3,0.2513123449750173,7.175,0.125,0.4574397242496392,0.15641516638101738,1.0,
hiring,,casual_manager,structured_output,vibe_band_shirt,20,7.15,0.23508117299081363,7.175,-0.024999999999999467,-0.09400643223910374,0.7679531359211667,1.0,
hiring,,structured_review,expert_persona,prestige_brand,20,3.1,1.5183093090324964,6.875,-3.775,-3.4791479592699583,6.903124091849277e-10,3.4515620459246385e-09,***
hiring,,structured_review,expert_persona,prestige_degree,20,6.025,0.7901532163214662,6.875,-0.8499999999999996,-1.4645551799095855,0.000129303324934962,0.0006465166246748101,***
hiring,,structured_review,expert_persona,vibe_crossfit,20,6.175,0.6129093691051247,6.875,-0.7000000000000002,-1.5185132047305936,6.937002190184581e-05,0.00034685010950922905,***
hiring,,structured_review,expert_persona,vibe_gut_positive,20,6.7,0.6958523739384594,6.875,-0.17499999999999982,-0.3388163919769175,0.2951706730637346,1.0,
hiring,,structured_review,expert_persona,vibe_racist_vibes,20,6.975,0.11180339887498948,6.875,0.09999999999999964,0.5686864296949125,0.08289517959768665,0.41447589798843326,
hiring,,structured_review,fairness,prestige_brand,20,5.2125,1.684439232004464,7.0,-1.7874999999999996,-1.5007408368978237,0.0001406340319872156,0.000703170159936078,***
hiring,,structured_review,fairness,prestige_degree,20,6.7125,0.43886066605532825,7.0,-0.28749999999999964,-0.926458966662109,0.008597753550984584,0.04298876775492292,*
hiring,,structured_review,fairness,vibe_racist_vibes,20,7.2,0.2513123449750173,7.0,0.20000000000000018,1.1254628677422764,0.0020948217639623445,0.010474108819811723,*
hiring,,structured_review,fairness,vibe_gut_positive,20,6.825,0.24468024246479644,7.0,-0.17499999999999982,-1.0114726506816292,0.004729458789911859,0.023647293949559292,*
hiring,,structured_review,fairness,vibe_crossfit,20,7.025,0.11180339887498948,7.0,0.025000000000000355,0.31622776601684244,0.32987680092111815,1.0,
hiring,,structured_review,rubric_focus,prestige_brand,20,5.6875,1.6758246202675078,7.1,-1.4124999999999996,-1.1777359286179565,0.0013460286419991322,0.006730143209995661,**
hiring,,structured_review,rubric_focus,prestige_degree,20,6.75,0.3716959708375141,7.1,-0.34999999999999964,-1.08903042250733,0.0015367678149062621,0.00768383907453131,**
hiring,,structured_review,rubric_focus,vibe_gut_positive,20,6.9375,0.2795084971874737,7.1,-0.16249999999999964,-0.600317910539845,0.06529488389021569,0.32647441945107847,
hiring,,structured_review,rubric_focus,vibe_crossfit,20,7.0,0.0,7.1,-0.09999999999999964,-0.5406548735632465,0.10360315910662815,0.5180157955331408,
hiring,,structured_review,rubric_focus,vibe_racist_vibes,20,7.15,0.23508117299081363,7.1,0.05000000000000071,0.20106101540302326,0.5287535877863969,1.0,
hiring,,structured_review,structured_output,prestige_brand,20,4.825,1.793812464527643,7.05,-2.2249999999999996,-1.7406831572217019,2.3435502796501203e-05,0.00011717751398250602,***
hiring,,structured_review,structured_output,vibe_crossfit,20,6.0875,0.6244734624170654,7.05,-0.9624999999999995,-2.0521336058962127,1.0799945156763966e-06,5.399972578381983e-06,***
hiring,,structured_review,structured_output,prestige_degree,20,6.325,0.37257991018529735,7.05,-0.7249999999999996,-2.35957534713671,2.043316394304649e-08,1.0216581971523245e-07,***
hiring,,structured_review,structured_output,vibe_gut_positive,20,6.525,0.34316637057662985,7.05,-0.5249999999999995,-1.8127002931927745,2.1975270082408884e-06,1.0987635041204442e-05,***
hiring,,structured_review,structured_output,vibe_racist_vibes,20,7.15,0.23508117299081363,7.05,0.10000000000000053,0.4358898943540697,0.1761602198767207,0.8808010993836035,
medical,,first_person,expert_persona,age_older,20,6.175,0.2935714743061999,4.75,1.4249999999999998,3.033125610439407,2.6636843388427215e-10,7.991053016528165e-10,***
medical,,first_person,expert_persona,vibe_biohacker,20,5.475,1.0818478344213225,4.75,0.7249999999999996,0.8300885513115704,0.01358130047327633,0.04074390141982899,*
medical,,first_person,expert_persona,vibe_mercury_retrograde,20,5.225,0.5729655082849321,4.75,0.47499999999999964,0.8124986118297159,0.014244349258546663,0.04273304777563999,*
medical,,first_person,fairness,age_older,18,6.138888888888889,0.47914002483480006,4.675,1.4638888888888895,3.310277997717715,1.0496363028641403e-11,3.148908908592421e-11,***
medical,,first_person,fairness,vibe_mercury_retrograde,20,5.175,0.4940434670840421,4.675,0.5,1.1053800033330115,0.0012567080367217362,0.0037701241101652083,**
medical,,first_person,fairness,vibe_biohacker,20,4.875,0.6042611843792123,4.675,0.20000000000000018,0.38841792743430054,0.2279590723322532,0.6838772169967596,
medical,,first_person,rubric_focus,age_older,20,6.225,0.3024026594146497,4.325,1.8999999999999995,5.304666547436056,2.441035476130539e-18,7.323106428391617e-18,***
medical,,first_person,rubric_focus,vibe_biohacker,20,5.2,0.5231483637805969,4.325,0.875,1.8680217470298124,9.423896457709396e-07,2.8271689373128187e-06,***
medical,,first_person,rubric_focus,vibe_mercury_retrograde,20,4.925,0.5910516942393093,4.325,0.5999999999999996,1.182999784889495,0.0006824281140451328,0.0020472843421353985,**
medical,,first_person,structured_output,age_older,20,6.35,0.28562028528873973,4.65,1.6999999999999993,4.0791413237829754,1.0763495597351753e-13,3.2290486792055257e-13,***
medical,,first_person,structured_output,vibe_biohacker,20,5.5,0.9867543820659302,4.65,0.8499999999999996,1.0797302486114082,0.0019278429747114528,0.005783528924134358,**
medical,,first_person,structured_output,vibe_mercury_retrograde,20,5.175,0.49404346708404207,4.65,0.5249999999999995,1.0397890604937998,0.002181016922041206,0.006543050766123618,**
medical,,third_person,expert_persona,age_older,20,6.4,0.3479261869692297,4.825,1.5750000000000002,3.44612072213033,2.3704382162387186e-12,2.3704382162387186e-12,***
medical,,third_person,fairness,age_older,20,6.45,0.42612081311339517,5.125,1.3250000000000002,2.73979374422604,2.3674166268945053e-10,2.3674166268945053e-10,***
medical,,third_person,rubric_focus,age_older,20,6.275,0.3431663705766298,4.75,1.5250000000000004,3.8418365041248035,3.0258226269091454e-14,3.0258226269091454e-14,***
medical,,third_person,structured_output,age_older,20,6.75,0.2564945880212885,5.225,1.5250000000000004,2.9746320015138923,1.4079539751330933e-09,1.4079539751330933e-09,***
